"gbif_accepted_taxon_id","gbif_accepted_scientific_name"
3056833,"Acalypha stachyura"
2385,"Actinidiaceae"
3860722,"Adelobotrys klugii"
7286104,"Adenaria"
7286112,"Adenaria floribunda"
10931308,"Adolphoduckea"
11017680,"Adolphoduckea maynensis"
3893622,"Aegiphila alba"
3893437,"Aegiphila boliviana"
7308014,"Aegiphila cuneata"
7784548,"Aegiphila hoehnei"
2925468,"Aegiphila integrifolia"
3891222,"Aegiphila panamensis"
3890297,"Aegiphila triflora"
2898477,"Agouticarpa velutina"
3034063,"Aiouea"
4175896,"Aiouea grandifolia"
9671278,"Aiouea montana"
10119470,"Aiouea napoensis"
2973285,"Albizia subdimidiata"
3055354,"Alchornea discolor"
3055361,"Alchornea glandulosa"
3055553,"Alchornea grandiflora"
3055359,"Alchornea latifolia"
3055483,"Alchornea pearcei"
3055432,"Alchornea websteri"
5335641,"Alibertia bertierifolia"
5340527,"Alibertia claviflora"
5335670,"Alibertia edulis"
7972649,"Alibertia occidentalis"
5340529,"Alibertia verticillata"
3082998,"Allantoma"
4161374,"Allantoma pluriflora"
7265039,"Allophylus angustatus"
5577602,"Allophylus floribundus"
5577479,"Allophylus incanus"
5577386,"Allophylus leucoclados"
7696898,"Allophylus paniculatus"
5577109,"Allophylus peruvianus"
5577068,"Allophylus punctatus"
5576985,"Allophylus scrobiculatus"
5576928,"Allophylus stenodictyus"
5334880,"Alseis eggersii"
5334870,"Alseis labatioides"
2650312,"Alsophila"
5529620,"Alsophila cuspidata"
5530413,"Alsophila erinacea"
5529958,"Alsophila incana"
2901120,"Amaioua"
2901121,"Amaioua guianensis"
3080039,"Amanoa"
3080049,"Amanoa guianensis"
2733623,"Ammandra"
2733624,"Ammandra decasperma"
3190177,"Amyris"
8168057,"Amyris amazonica"
5594907,"Amyris macrocarpa"
5421367,"Anacardium"
5421368,"Anacardium occidentale"
3156858,"Anaxagorea crassipetala"
3156852,"Anaxagorea dolichocarpa"
3156862,"Anaxagorea phaeocarpa"
7858091,"Andira"
2952214,"Andira inermis"
3965577,"Andira macrocarpa"
2952147,"Andira macrothyrsa"
2952159,"Andira multistipula"
2952202,"Andira surinamensis"
7911749,"Angostura"
3837011,"Angostura alipes"
4180892,"Aniba megaphylla"
4180762,"Aniba panurensis"
7304533,"Aniba puchury-minor"
4180312,"Aniba taubertiana"
4180088,"Aniba williamsii"
5407080,"Annona amazonica"
5407233,"Annona asplundiana"
5541655,"Annona centrantha"
5541649,"Annona cuspidata"
5407170,"Annona duckei"
5541636,"Annona helosioides"
5541633,"Annona hispida"
5407060,"Annona hypoglauca"
5407165,"Annona montana"
5407571,"Annona mucosa"
5407273,"Annona muricata"
5407073,"Annona neglecta"
5541618,"Annona neoecuadoarensis"
5592415,"Anthodiscus klugii"
5592408,"Anthodiscus peruanus"
2738043,"Aphandra"
2738044,"Aphandra natalia"
6716,"Aquifoliaceae"
10036167,"Arawakia"
10648384,"Arawakia weddelliana"
5557652,"Ardisia loretensis"
3618792,"Aspidosperma desmanthum"
3618555,"Aspidosperma excelsum"
3618282,"Aspidosperma inundatum"
3616872,"Aspidosperma sandwithianum"
3616833,"Aspidosperma schultesii"
3616705,"Aspidosperma spruceanum"
2738136,"Astrocaryum jauari"
2732721,"Attalea butyracea"
2733315,"Bactris coloniata"
2733151,"Bactris concinna"
2733141,"Bactris setulosa"
9596304,"Balizia"
2973151,"Balizia pedicellaris"
2909696,"Bathysa"
3931406,"Bauhinia arborea"
2953235,"Bauhinia tarapotensis"
4183033,"Beilschmiedia sulcata"
6365263,"Besleria aggregata"
7323128,"Billia"
3672305,"Billia rosea"
2874862,"Bixa"
4087208,"Bixa arborea"
2874863,"Bixa orellana"
4087172,"Bixa platycarpa"
4087112,"Bixa urucurana"
6637,"Bixaceae"
8113873,"Blakea asplundii"
5600394,"Blakea glandulosa"
7273020,"Blakea hirsuta"
6634891,"Blakea hispida"
7418016,"Blakea induta"
2374,"Blechnaceae"
2651523,"Blechnum"
2984344,"Boehmeria"
7610513,"Boehmeria caudata"
7300891,"Boehmeria pavonii"
4100595,"Boehmeria ulmifolia"
2984660,"Brosimum alicastrum"
3763023,"Brosimum multinervium"
3762826,"Brosimum rubescens"
8042591,"Brosimum utile"
8170495,"Brownea macrophylla"
2970452,"Browneopsis ucayalina"
3984105,"Bunchosia argentea"
8398507,"Bunchosia armeniaca"
3983942,"Bunchosia cauliflora"
3983583,"Bunchosia hookeriana"
3982744,"Byrsonima arthropoda"
7285639,"Byrsonima japurensis"
3985604,"Byrsonima krukoffii"
2958443,"Caesalpinia"
2958715,"Caesalpinia pulcherrima"
7314407,"Calatola"
3597030,"Calatola costaricensis"
2982031,"Calliandra trinervia"
2925549,"Callicarpa"
8121164,"Callicarpa acuminata"
8223607,"Calophyllum longifolium"
3177606,"Calycolpus"
3177650,"Calycolpus aequatorialis"
2904000,"Calycophyllum spruceanum"
3180879,"Campomanesia"
3181134,"Campomanesia lineatifolia"
3233863,"Cardiopteridaceae"
3083017,"Cariniana"
3826009,"Caryocar villosum"
7304487,"Caryodaphnopsis"
4180147,"Caryodaphnopsis fosteri"
4180063,"Caryodaphnopsis theobromifolia"
4180043,"Caryodaphnopsis tomentosa"
5331145,"Casearia aculeata"
8353057,"Casearia acuminata"
5331156,"Casearia bicolor"
10710471,"Casearia corymbulosa"
5331147,"Casearia decandra"
8087441,"Casearia mariquitensis"
8997274,"Casearia maynacarpa"
8004155,"Casearia obovalis"
7702402,"Casearia singularis"
10824398,"Casearia suaveolens"
5331148,"Casearia sylvestris"
8169626,"Casearia uleana"
8205521,"Casearia ulmifolia"
2963414,"Cassia"
5357101,"Cassia cowanii"
5357171,"Cassia swartzioides"
3086519,"Cassipourea"
3873906,"Cassipourea peruviana"
7296117,"Catostemma"
4073091,"Catostemma digitata"
7296146,"Cavanillesia"
4073291,"Cavanillesia hylogeiton"
4013607,"Cecropia distachya"
4013542,"Cecropia ficifolia"
4013314,"Cecropia idroboi"
4013144,"Cecropia litoralis"
7107974,"Cedrela fissilis"
5663215,"Ceiba insignis"
2945568,"Centrolobium"
2945579,"Centrolobium paraense"
3231552,"Centronia"
5601663,"Centronia laurifolia"
7326758,"Cespedesia"
3695801,"Cespedesia spathulata"
2928784,"Cestrum"
3802352,"Cestrum megalophyllum"
3802311,"Cestrum microcalyx"
7299919,"Cestrum racemosum"
7299914,"Cestrum reflexum"
7299866,"Cestrum strigillatum"
7326509,"Chaunochiton"
3686060,"Chaunochiton kappleri"
2731952,"Chelyocarpus"
2731953,"Chelyocarpus ulei"
2918977,"Chimarrhis glabriflora"
2918965,"Chimarrhis hookeri"
2907380,"Chiococca"
2907406,"Chiococca alba"
7906922,"Chionanthus"
3682197,"Chionanthus implicatus"
7304319,"Chlorocardium"
4178433,"Chlorocardium venenosum"
5337281,"Chomelia malaneoides"
5337333,"Chomelia polyantha"
5555777,"Chrysochlamys bracteolata"
5555731,"Chrysochlamys macrophylla"
5555729,"Chrysochlamys membranacea"
5555691,"Chrysochlamys weberbaueri"
2885904,"Chrysophyllum bombycinum"
2885688,"Chrysophyllum lucentifolium"
2885722,"Chrysophyllum pomiferum"
2885779,"Chrysophyllum sanguinolentum"
2898323,"Ciliosemina"
2898328,"Ciliosemina pedunculata"
2901235,"Cinchona"
2901294,"Cinchona pubescens"
2891953,"Cinchonopsis"
2891954,"Cinchonopsis amazonica"
3033980,"Cinnamomum"
7853269,"Citharexylum"
4083818,"Citharexylum macrochlamys"
7297664,"Citharexylum poeppigii"
4086429,"Citharexylum reticulatum"
4085930,"Citharexylum subflavescens"
4085818,"Citharexylum svensonii"
7314391,"Citronella"
3597099,"Citronella incarum"
3597033,"Citronella melliodora"
7313219,"Clavija ornata"
2925347,"Clerodendrum"
2946503,"Clitoria arborea"
7329960,"Clusia amazonica"
5555505,"Clusia decussata"
5556419,"Clusia hammeliana"
5556331,"Clusia lineata"
7330299,"Clusia loranthacea"
5556314,"Clusia loretensis"
5556290,"Clusia mamillata"
5556243,"Clusia mocoensis"
7527517,"Clusia nigrolineata"
5556187,"Clusia octandra"
5556151,"Clusia pallida"
5556124,"Clusia penduliflora"
5556045,"Clusia radicans"
5555837,"Clusia viscida"
7291417,"Coccoloba acuminata"
4033276,"Coccoloba coronata"
4032678,"Coccoloba fallax"
4038161,"Coccoloba latifolia"
4038099,"Coccoloba lehmannii"
4037525,"Coccoloba mollis"
4037016,"Coccoloba obovata"
4036490,"Coccoloba peruviana"
3702383,"Cochlospermaceae"
2874864,"Cochlospermum"
4927630,"Cochlospermum orinocense"
3039524,"Colubrina"
7977416,"Colubrina amazonica"
5372463,"Colubrina arborescens"
5372466,"Colubrina glandulosa"
7273863,"Colubrina spinosa"
5564505,"Compsoneura lapidiflora"
5564457,"Compsoneura sprucei"
8267213,"Compsoneura ulei"
3074956,"Conceveiba guianensis"
3074934,"Conceveiba martiana"
3074941,"Conceveiba terminalis"
2908490,"Condaminea"
2908496,"Condaminea corymbosa"
3686370,"Connarus erianthus"
7326642,"Connarus fasciculatus"
3686917,"Connarus patrisii"
7326561,"Connarus ruber"
3032212,"Corchorus"
3152087,"Corchorus orinocensis"
5662350,"Cordia eriostigma"
5661797,"Cordia kingstoniana"
5661672,"Cordia lomatoloba"
5661522,"Cordia mexiana"
5660706,"Cordia sericicalyx"
5660556,"Cordia tetrandra"
5660496,"Cordia trachyphylla"
5660461,"Cordia ucayaliensis"
2903362,"Cordiera"
5335622,"Cordiera macrophylla"
2925661,"Cornutia"
3881426,"Cornutia odorata"
2925663,"Cornutia pyramidata"
7968116,"Couepia chrysocalyx"
2984823,"Couepia guianensis"
7581304,"Couepia macrophylla"
8062405,"Couepia subcordata"
7316606,"Couma"
3614987,"Couma guianensis"
3614969,"Couma macrocarpa"
3083145,"Couratari oligantha"
3082553,"Couroupita"
3082562,"Couroupita guianensis"
4013140,"Coussapoa crassivenosa"
4013473,"Coussapoa jatun-sachensis"
4013395,"Coussapoa longepedunculata"
4013216,"Coussapoa ovalifolia"
4013182,"Coussapoa parvifolia"
4013550,"Coussapoa trinervia"
7316428,"Coussapoa villosa"
2904864,"Coussarea albescens"
2904822,"Coussarea brevicaulis"
2904829,"Coussarea ecuadorensis"
2904927,"Coussarea flava"
2904863,"Coussarea klugii"
2904768,"Coussarea latifolia"
2904887,"Coussarea longiflora"
2904777,"Coussarea macrocalyx"
2904928,"Coussarea macrophylla"
2904772,"Coussarea obliqua"
2898203,"Coussarea paniculata"
2904786,"Coussarea pilosiflora"
2904760,"Coussarea pilosula"
2904824,"Coussarea resinosa"
2904773,"Coussarea spiciformis"
2904905,"Coussarea tenuiflora"
2893702,"Coutarea"
2893703,"Coutarea hexandra"
3154035,"Cremastosperma bullatum"
3154062,"Cremastosperma longicuspe"
3154054,"Cremastosperma monospermum"
3154052,"Cremastosperma napoense"
3057454,"Croton"
3057939,"Croton cuneatus"
3057776,"Croton lechleri"
3058007,"Croton matourensis"
3058081,"Croton olivaceus"
3058287,"Croton sampatik"
3058161,"Croton tessmannii"
2974579,"Crudia"
2974609,"Crudia glaberrima"
4178482,"Cryptocarya aschersoniana"
7299697,"Cuatresia"
7299700,"Cuatresia riparia"
3800134,"Cuatresia trianae"
7523047,"Cupania macrostylis"
7802452,"Cupania scrobiculata"
2650273,"Cyathea"
2650304,"Cyathea andina"
3600149,"Cyathea bradei"
3598409,"Cyathea lasiosora"
3598153,"Cyathea leucolepismata"
3599637,"Cyathea multiflora"
3598321,"Cyathea pilosissima"
3598161,"Cyathea poeppigii"
2650287,"Cyathea pungens"
6624,"Cyatheaceae"
3718748,"Cybianthus cenepensis"
9924760,"Cybianthus condorensis"
7331157,"Cybianthus guyanensis"
3722687,"Cybianthus kayapii"
3722244,"Cybianthus occigranatensis"
3722165,"Cybianthus peruvianus"
3722131,"Cybianthus poeppigii"
3721950,"Cybianthus schlimii"
3721908,"Cybianthus simplex"
3721830,"Cybianthus sprucei"
3721726,"Cybianthus timanae"
3157869,"Cymbopetalum aequale"
2705264,"Cymbopogon"
2705275,"Cymbopogon citratus"
7708,"Cyperaceae"
2713455,"Cyperus"
2715295,"Cyperus surinamensis"
3992606,"Dacryodes acutipyrena"
3992541,"Dacryodes belemensis"
3992494,"Dacryodes chimantensis"
3992416,"Dacryodes cupularis"
3993867,"Dacryodes olivifera"
10811333,"Dacryodes ramosa"
3993686,"Dacryodes sclerophylla"
7897853,"Dacryodes uruts-kunchae"
2960229,"Dahlstedtia"
10691071,"Dahlstedtia hylobia"
2968824,"Dalbergia frutescens"
2968670,"Dalbergia riedelii"
7304488,"Damburneya"
9503920,"Damburneya purpurea"
3188467,"Daphnopsis"
3568065,"Daphnopsis equatorialis"
3570087,"Daphnopsis zamorensis"
7577914,"Deguelia"
3979782,"Deguelia utilis"
3035201,"Dendropanax macropodus"
3035070,"Dendropanax umbellatus"
3158298,"Diclinanona"
3158301,"Diclinanona calycina"
7268850,"Dictyoloma"
3831395,"Dictyoloma vandellianum"
7848675,"Diospyros artanthifolia"
5832390,"Diospyros capreifolia"
4070018,"Diospyros ekodul"
4070633,"Diospyros poeppigiana"
4160293,"Dipentodontaceae"
2883949,"Diploon"
2883950,"Diploon cuspidatum"
5355620,"Diplotropis martiusii"
5355625,"Diplotropis purpurea"
2947121,"Dipteryx"
2947131,"Dipteryx micrantha"
3075650,"Drypetes fanshawei"
3157546,"Duguetia flagellaris"
3157622,"Duguetia macrophylla"
3157626,"Duguetia odorata"
3157522,"Duguetia surinamensis"
2892122,"Duroia duckei"
2892109,"Duroia petiolaris"
2892126,"Duroia triflora"
7329965,"Dystovomita"
3711673,"Dystovomita paniculata"
2887353,"Ecclinusa"
2887376,"Ecclinusa guianensis"
2887358,"Ecclinusa lanceolata"
2887362,"Ecclinusa ramiflora"
4176881,"Endlicheria acuminata"
7969929,"Endlicheria anomala"
4176746,"Endlicheria bracteata"
4176663,"Endlicheria canescens"
4176647,"Endlicheria chalisea"
4176477,"Endlicheria dysodantha"
4176329,"Endlicheria gracilis"
4176133,"Endlicheria klugii"
4176111,"Endlicheria krukovii"
4176075,"Endlicheria lhotzkyi"
4176027,"Endlicheria lorastemon"
4175940,"Endlicheria metallica"
4175860,"Endlicheria paniculata"
7775672,"Endlicheria pyriformis"
4175705,"Endlicheria robusta"
4175667,"Endlicheria rubriflora"
4175656,"Endlicheria ruforamula"
4175646,"Endlicheria sericea"
4175627,"Endlicheria sprucei"
4175594,"Endlicheria tessmannii"
4073697,"Eriotheca longitubulosa"
7296185,"Eriotheca macrophylla"
7268971,"Ertela"
3832240,"Ertela trifolia"
2945830,"Erythrina"
5349510,"Erythrina amazonica"
5349562,"Erythrina peruviana"
5349755,"Erythrina poeppigiana"
5349570,"Erythrina ulei"
3232943,"Erythrochiton"
5593238,"Erythrochiton trichanthus"
7284809,"Erythroxylum citrifolium"
3694373,"Erythroxylum fimbriatum"
7284849,"Erythroxylum gracilipes"
7870294,"Erythroxylum macrophyllum"
7284878,"Erythroxylum mucronatum"
3694437,"Erythroxylum ulei"
3083413,"Eschweilera chartaceifolia"
3083328,"Eschweilera decolorans"
3083408,"Eschweilera grandiflora"
3083253,"Eschweilera itayensis"
3083251,"Eschweilera juruensis"
3083332,"Eschweilera laevicarpa"
3083227,"Eschweilera ovalifolia"
3083262,"Eschweilera parvifolia"
3083383,"Eschweilera tessmannii"
7268828,"Esenbeckia pentaphylla"
5417902,"Eugenia anastomosans"
5417812,"Eugenia biflora"
5416264,"Eugenia cuspidifolia"
5417951,"Eugenia dittocrepis"
5416834,"Eugenia egensis"
5416878,"Eugenia galalonensis"
5417237,"Eugenia heterochroma"
5417025,"Eugenia marowynensis"
5417081,"Eugenia mimus"
5417165,"Eugenia multirimosa"
5417226,"Eugenia muricata"
5416815,"Eugenia myrobalana"
5418017,"Eugenia oerstediana"
5417216,"Eugenia patens"
5417187,"Eugenia patrisii"
5418042,"Eugenia polystachya"
5416462,"Eugenia schunkei"
5938292,"Eugenia sericifolia"
5416629,"Eugenia speciosa"
5417551,"Eugenia stipitata"
5416514,"Eugenia subterminalis"
5293412,"Euterpe catinga"
2911000,"Exostema"
2898050,"Faramea anisocalyx"
2897937,"Faramea axillaris"
2897893,"Faramea exemplaris"
2898063,"Faramea glandulosa"
8295089,"Faramea multiflora"
3848244,"Faramea parvibractea"
2898105,"Faramea spathacea"
2898191,"Faramea tamberlikiana"
2897896,"Faramea verticillata"
2907987,"Ferdinandusa"
2907990,"Ferdinandusa chlorantha"
2908030,"Ferdinandusa elliptica"
2908017,"Ferdinandusa guainiae"
5569593,"Ficus acreana"
5572480,"Ficus albert-smithii"
5361926,"Ficus americana"
5571209,"Ficus brevibracteata"
5361918,"Ficus broadwayi"
5571084,"Ficus caballina"
5570874,"Ficus casapiensis"
5570828,"Ficus castellviana"
8381457,"Ficus ceronii"
5361938,"Ficus citrifolia"
5570348,"Ficus coerulescens"
5572269,"Ficus donnell-smithii"
5572086,"Ficus ecuadorensis"
7821690,"Ficus guianensis"
7262391,"Ficus jacobii"
5571803,"Ficus macbridei"
5571405,"Ficus mathewsii"
5571303,"Ficus membranacea"
5570509,"Ficus ocoana"
5570153,"Ficus padifolia"
5570374,"Ficus sphenophylla"
5572425,"Ficus tonduzii"
5361896,"Ficus trigonata"
5571847,"Ficus ursina"
5571280,"Ficus yoponensis"
7285769,"Froesia"
3986477,"Froesia diffusa"
3158135,"Fusaea"
3158137,"Fusaea longifolia"
3158136,"Fusaea peruviana"
7296394,"Fusispermum"
4075338,"Fusispermum laxiflorum"
3190389,"Galipea"
3834532,"Galipea maxima"
3714243,"Garcinia intermedia"
9611517,"Gaulettia"
8975055,"Gaulettia parillo"
7330862,"Geissanthus"
7362167,"Geissanthus ambigua"
2895592,"Genipa spruceana"
2734323,"Geonoma interrupta"
8052841,"Gloeospermum crassicarpum"
4074973,"Gloeospermum sclerophyllum"
7296361,"Gloeospermum sphaerocarpum"
2925650,"Gmelina"
8247889,"Gmelina arborea"
2896440,"Gonzalagunia"
2896533,"Gonzalagunia affinis"
2896507,"Gonzalagunia bunchosioides"
2896475,"Gonzalagunia cornifolia"
3189631,"Gordonia"
5528227,"Gordonia fruticosa"
7398997,"Graffenrieda"
5600054,"Graffenrieda galeottii"
5600046,"Graffenrieda gracilis"
5600029,"Graffenrieda intermedia"
3082328,"Grias peruviana"
4127579,"Guadua"
4155017,"Guadua angustifolia"
4128212,"Guadua superba"
4127578,"Guadua weberbaueri"
3849579,"Guarea carapoides"
3852792,"Guarea cinnamomea"
3852641,"Guarea cristata"
3190505,"Guarea glabra"
3154197,"Guatteria blepharophylla"
3155736,"Guatteria chrysophylla"
3155788,"Guatteria citriodora"
3155665,"Guatteria decurrens"
3648380,"Guatteria duodecima"
3158188,"Guatteria liesneri"
3155660,"Guatteria longicuspis"
3155955,"Guatteria megalophylla"
3155760,"Guatteria olivacea"
3155697,"Guatteria pastazae"
3648893,"Guatteria ramiflora"
3155905,"Guatteria schomburgkiana"
3155933,"Guatteria tomentosa"
3152194,"Guazuma"
3152195,"Guazuma ulmifolia"
9037320,"Gustavia hubbardiorum"
5383764,"Gustavia macarenensis"
5383852,"Gustavia terminaliflora"
7265395,"Gymnosporia"
7296137,"Gyranthera"
8249191,"Gyranthera amphibiolepis"
2902033,"Hamelia"
2902047,"Hamelia axillaris"
6401269,"Handroanthus"
6401337,"Handroanthus chrysanthus"
4092017,"Handroanthus serratifolius"
7329959,"Havetiopsis"
7754677,"Haydenoxylon"
7743395,"Haydenoxylon urbanianum"
8323858,"Heisteria latifolia"
7944805,"Heisteria spruceana"
3764964,"Helicostylis elegans"
3764948,"Helicostylis heterotricha"
3764842,"Helicostylis scabra"
3764804,"Helicostylis turbinata"
3152062,"Heliocarpus"
4259460,"Heliocarpus americanus"
10928821,"Heliotropium glabrum"
3860882,"Henriettea lasiostylis"
3860536,"Henriettea stellaris"
3668417,"Herrania balaensis"
7322902,"Herrania mariae"
3668149,"Herrania nycterodendron"
3071171,"Hevea brasiliensis"
3079119,"Hieronyma oblonga"
2916438,"Hillia"
5339997,"Hillia illustris"
7317391,"Himatanthus bracteatus"
2901965,"Hippotis"
2901978,"Hippotis albiflora"
10750240,"Hippotis ecuatoriana"
2901969,"Hippotis mollis"
2985222,"Hirtella aequatoriensis"
2985148,"Hirtella americana"
2985124,"Hirtella bicornis"
2985171,"Hirtella elongata"
2985186,"Hirtella gracilipes"
7827492,"Hirtella macrophylla"
2985224,"Hirtella pilosissima"
2985122,"Hirtella racemosa"
2985089,"Hirtella triandra"
2874142,"Homalium"
5331157,"Homalium racemosum"
7296129,"Huberodendron"
4073137,"Huberodendron swietenioides"
3071143,"Hura"
5380015,"Hura crepitans"
2977474,"Hydrochorea"
2977475,"Hydrochorea corymbosa"
2951895,"Hymenolobium heterocarpum"
10863253,"Hymenopus arachnoideus"
10451142,"Hymenopus heteromorphus"
10477239,"Hymenopus intrapetiolaris"
10677998,"Hymenopus krukovii"
9931046,"Hymenopus reticulatus"
10792217,"Ilex"
5534620,"Ilex guayusa"
5534043,"Ilex inundata"
7315694,"Ilex laureola"
7315851,"Ilex magnifructa"
5357674,"Inga acrocephala"
5357542,"Inga acuminata"
5358137,"Inga alba"
5357658,"Inga chartacea"
5357813,"Inga ciliata"
5357627,"Inga coruscans"
5357876,"Inga cylindrica"
5357837,"Inga densiflora"
5357677,"Inga edulis"
5357873,"Inga glomeriflora"
5357555,"Inga gracilior"
5358131,"Inga ilta"
5357784,"Inga macrophylla"
5357635,"Inga multijuga"
5357519,"Inga nobilis"
5357798,"Inga paraensis"
5357576,"Inga pezizifera"
5358111,"Inga pilosula"
5357609,"Inga pruriens"
5358090,"Inga psittacorum"
5357939,"Inga rusbyi"
5357706,"Inga sapindoides"
5357619,"Inga sertulifera"
5358104,"Inga splendens"
5357558,"Inga stenoptera"
5358071,"Inga stipulacea"
5357920,"Inga striolata"
5357951,"Inga suaveolens"
5358126,"Inga tessmannii"
5357991,"Inga thibaudiana"
5357881,"Inga venusta"
5357680,"Inga vera"
5357777,"Inga yasuniana"
6402978,"Iochroma"
7300028,"Iochroma gesnerioides"
3744069,"Iryanthera crassifolia"
3743937,"Iryanthera laevis"
3743924,"Iryanthera lancifolia"
3743885,"Iryanthera macrophylla"
3743197,"Iryanthera tessmannii"
2903511,"Isertia"
2903546,"Isertia laevis"
2903519,"Isertia pittieri"
2903522,"Isertia rosea"
10808513,"Ixora froelichiana"
10840154,"Ixora moskovitsiana"
2905468,"Ixora peruviana"
10757302,"Ixora rudasiana"
10758117,"Ixora rudgeoides"
2905760,"Ixora sparsifolia"
2905864,"Ixora yavitensis"
7269688,"Jacaratia spinosa"
2901093,"Joosia"
2901110,"Joosia longisepala"
11667647,"Jupunba adenophora"
11509664,"Jupunba ferruginea"
11452662,"Jupunba microcalyx"
2977861,"Jupunba trapezifolia"
3157872,"Klarobelia"
3157875,"Klarobelia lucida"
3157873,"Klarobelia megalocarpa"
3157886,"Klarobelia napoensis"
2893777,"Kutchubaea montana"
3845414,"Kutchubaea oocarpa"
2893782,"Kutchubaea sericantha"
3075397,"Lacistema aggregatum"
3075428,"Lacistema macbridei"
3618032,"Lacmellea floribunda"
3617882,"Lacmellea macrantha"
3617727,"Lacmellea speciosa"
7919991,"Lacunaria crenata"
2908647,"Ladenbergia"
2908718,"Ladenbergia amazonensis"
2908728,"Ladenbergia heterophylla"
2908664,"Ladenbergia muzonensis"
2908758,"Ladenbergia oblongifolia"
8901623,"Laetia"
3989776,"Lafoensia acuminata"
3989500,"Lafoensia punicifolia"
7316641,"Laxoplumeria"
3615153,"Laxoplumeria tessmannii"
3082348,"Lecythis"
3082500,"Lecythis zabucajo"
5664258,"Leonia cymosa"
9798427,"Leptobalanus"
10289996,"Leptobalanus apetalus"
9998215,"Leptobalanus granvillei"
10383454,"Leptobalanus latus"
10299697,"Leptobalanus longistylus"
10148673,"Leptobalanus octandrus"
2985542,"Licania blackii"
2985371,"Licania canescens"
9116846,"Licania condoriensis"
2985506,"Licania cuyabenensis"
2985396,"Licania elliptica"
2985272,"Licania hypoleuca"
2985361,"Licania kunthiana"
2985424,"Licania micrantha"
7439292,"Licania pallida"
2985561,"Licania velutina"
4183187,"Licaria armeniaca"
4183168,"Licaria aurea"
4182552,"Licaria exserta"
4182465,"Licaria guianensis"
3033970,"Licaria triandra"
2925383,"Lippia"
2925385,"Lippia alba"
2969089,"Lonchocarpus heptaphyllus"
2969127,"Lonchocarpus spiciflorus"
3075444,"Lozania mutisiana"
3152076,"Luehea"
5706143,"Luehea cymulosa"
7311106,"Lueheopsis"
4260551,"Lueheopsis hoehnei"
2928971,"Lycianthes"
3798852,"Lycianthes sprucei"
3071846,"Mabea arenicola"
3071779,"Mabea elata"
3071778,"Mabea klugii"
3071847,"Mabea macbridei"
3071812,"Mabea nitida"
3071832,"Mabea occidentalis"
3071818,"Mabea piriri"
3071803,"Mabea speciosa"
3071850,"Mabea standleyi"
3071764,"Mabea subsessilis"
2904937,"Macbrideina"
2904938,"Macbrideina peruviana"
7932857,"Machaerium isadelphum"
5354986,"Machaerium leiophyllum"
5354946,"Machaerium mutisii"
2984579,"Maclura"
2984583,"Maclura tinctoria"
2948882,"Macrolobium acaciifolium"
2948900,"Macrolobium archeri"
7933627,"Macrolobium colombianum"
2948817,"Macrolobium gracile"
2948830,"Macrolobium ischnocalyx"
2948901,"Macrolobium limbatum"
2948803,"Macrolobium microcalyx"
2948758,"Macrolobium multijugum"
2948810,"Macrolobium stenocladum"
2948857,"Macrolobium suaveolens"
2888195,"Magnolia"
9058332,"Magnolia equatorialis"
3153490,"Magnolia neillii"
3153132,"Magnolia rimachii"
4690,"Magnoliaceae"
7317134,"Malouetia"
3620090,"Malouetia flavescens"
3619535,"Malouetia virescens"
2885024,"Manilkara"
2885366,"Manilkara bidentata"
2885025,"Manilkara inundata"
3054655,"Maprounea"
3054658,"Maprounea guianensis"
2757347,"Maranta"
2761398,"Maranta amazonica"
8362864,"Marila alternifolia"
8114121,"Marila cespedesiana"
5421079,"Marila grandiflora"
7656893,"Marila laxiflora"
8307325,"Marila plumbaginea"
7963111,"Marila podantha"
10305078,"Marila spiciformis"
8161335,"Marila tomentosa"
8154796,"Marlierea"
3784506,"Matayba adenanthera"
3784371,"Matayba elegans"
3784315,"Matayba inelegans"
4073049,"Matisia arteagensis"
4073793,"Matisia idroboi"
4073775,"Matisia inaequilatera"
4073753,"Matisia lasiocalyx"
4073723,"Matisia lomensis"
4073716,"Matisia longiflora"
4073635,"Matisia ochrocalyx"
4073487,"Matisia uberrima"
3233141,"Mauria"
5544309,"Mauria heterophylla"
8246057,"Mauritiella"
5293366,"Mauritiella armata"
3878802,"Mayna grandifolia"
3190496,"Melia"
5914287,"Melia azedarach"
7265169,"Melicoccus oliviformis"
2702502,"Melinis"
2702503,"Melinis minutiflora"
3838438,"Meliosma boliviensis"
3838526,"Meliosma glabrata"
3033961,"Meliosma herbertii"
3838406,"Meliosma loretoyacuensis"
3838404,"Meliosma palaciosii"
10913611,"Mespilodaphne cymbarum"
11020082,"Mespilodaphne quixos"
7314358,"Metteniusa"
3597478,"Metteniusa edulis"
7314445,"Metteniusa tessmanniana"
7529619,"Mezilaurus"
4182358,"Mezilaurus campaucola"
4182249,"Mezilaurus ita-uba"
9833843,"Mezilaurus opaca"
4181903,"Mezilaurus triunca"
3188559,"Miconia affinis"
3860547,"Miconia amazonica"
3860460,"Miconia ampla"
3860036,"Miconia appendiculata"
8379034,"Miconia astroplocama"
3859544,"Miconia aulocalyx"
3859310,"Miconia baillonii"
3858854,"Miconia biglandulosa"
3858486,"Miconia brachybotrya"
3858219,"Miconia brevitheca"
3188585,"Miconia calvescens"
10768751,"Miconia candelabrum"
3857596,"Miconia cannabina"
3871147,"Miconia carassana"
3870706,"Miconia centrodesma"
3870454,"Miconia cercophora"
3870061,"Miconia chrysophylla"
10743804,"Miconia conocentronioides"
3867434,"Miconia dodecandra"
3867110,"Miconia egensis"
3865400,"Miconia glaucescens"
3864543,"Miconia heterochaeta"
3864040,"Miconia hylophila"
3863544,"Miconia insularis"
3862739,"Miconia lateriflora"
8265629,"Miconia laxivenula"
3862134,"Miconia longifolia"
3861930,"Miconia lugonis"
3861216,"Miconia matthaei"
3861142,"Miconia mazanana"
10932080,"Miconia minutiflora"
12223690,"Miconia ortiziae"
3858629,"Miconia pastazana"
3857970,"Miconia phaeochaeta"
3188562,"Miconia prasina"
7661791,"Miconia punctata"
3869562,"Miconia quadripora"
3868679,"Miconia rivalis"
3867424,"Miconia sciurea"
3188588,"Miconia serrulata"
3188561,"Miconia splendens"
3865478,"Miconia subspicata"
3864992,"Miconia ternatifolia"
10850887,"Miconia tococapitata"
8335424,"Miconia tomentosa"
3863975,"Miconia triangularis"
3863803,"Miconia trinervia"
3863767,"Miconia triplinervis"
3863234,"Miconia venulosa"
3862625,"Miconia zubenetana"
5378802,"Micrandra"
5378816,"Micrandra elata"
5378815,"Micrandra rossiana"
5378809,"Micrandra spruceana"
2703588,"Microchloa"
2703589,"Microchloa kunthii"
5333923,"Micropholis melinoniana"
5333926,"Micropholis sanctae-rosae"
7311030,"Mollia lepidota"
3783128,"Mollinedia longifolia"
3782703,"Mollinedia ovata"
3782385,"Mollinedia repanda"
7265474,"Monteverdia"
9772192,"Monteverdia macrocarpa"
10211730,"Moquilea angustata"
9832761,"Moquilea brittoniana"
10783557,"Moquilea celiae"
10799534,"Moquilea durifolia"
9983111,"Moquilea egleri"
2985572,"Moquilea guianensis"
10684093,"Moquilea magnifructa"
7329955,"Moronobea"
7329980,"Moronobea coccinea"
3158155,"Mosannona"
3158169,"Mosannona papillosa"
3870644,"Mouriri floribunda"
3870514,"Mouriri guianensis"
3870475,"Mouriri huberi"
3870418,"Mouriri laxiflora"
5938526,"Mouriri myrtifolia"
3870198,"Mouriri nervosa"
3870171,"Mouriri nigra"
3870133,"Mouriri oligantha"
3870029,"Mouriri peruviana"
5938541,"Mouriri vernicosa"
6306296,"Myrcia aequatoriensis"
3174394,"Myrcia aliena"
3175173,"Myrcia amazonica"
9208293,"Myrcia aulomyrcioides"
3174487,"Myrcia bracteata"
10687479,"Myrcia brevispicata"
10840607,"Myrcia densiflora"
12199081,"Myrcia forsteri"
3174923,"Myrcia guianensis"
10694317,"Myrcia maxima"
10893807,"Myrcia megapaniculata"
3173898,"Myrcia mollis"
10898476,"Myrcia neoaequatoriensis"
9398705,"Myrcia neomacrophylla"
10686603,"Myrcia nervata"
10040902,"Myrcia obumbrans"
10692890,"Myrcia pulchella"
10773731,"Myrcia ruiziana"
10812455,"Myrcia simulata"
10671345,"Myrcia sparsiflora"
10817380,"Myrcia telephylla"
10846528,"Myrcia tessmannii"
9276829,"Myrcia umbraticola"
10898559,"Myrcia websteri"
10342163,"Myrciaria dubia"
3234510,"Myriocarpa"
7300728,"Myriocarpa stipitata"
5357189,"Myroxylon peruiferum"
3767226,"Naucleopsis glabra"
3764179,"Naucleopsis herrerensis"
3764205,"Naucleopsis humilis"
3767179,"Naucleopsis imitans"
3767082,"Naucleopsis oblongifolia"
3062050,"Nealchornea"
3062051,"Nealchornea yapurensis"
5685384,"Nectandra canescens"
5685370,"Nectandra cissiflora"
5685357,"Nectandra crassiloba"
9700476,"Nectandra dasystyla"
7304240,"Nectandra globosa"
5685278,"Nectandra gracilis"
7304145,"Nectandra longifolia"
5685061,"Nectandra maynensis"
5685035,"Nectandra microcarpa"
5686139,"Nectandra parviflora"
5686131,"Nectandra paucinervia"
5686125,"Nectandra pearcei"
5686055,"Nectandra pulverulenta"
7304555,"Nectandra villosa"
3701568,"Neea divaricata"
3701462,"Neea floribunda"
3701239,"Neea laxa"
7970415,"Neea macrophylla"
3701042,"Neea ovalifolia"
3701003,"Neea parviflora"
3700680,"Neea spruceana"
3700553,"Neea tristis"
7757729,"Neea verticillata"
7274195,"Neosprucea"
8586425,"Neosprucea grandiflora"
3879954,"Neosprucea melastomatoides"
3104405,"Oblivia"
3104408,"Oblivia mikanioides"
7304296,"Ocotea aciphylla"
4177837,"Ocotea amazonica"
4177527,"Ocotea argyrophylla"
4183149,"Ocotea cuneifolia"
4180903,"Ocotea hirtandra"
4180888,"Ocotea hirtostyla"
7424176,"Ocotea javitensis"
4179760,"Ocotea lenitae"
7586130,"Ocotea leucoxylon"
4178068,"Ocotea neblinae"
4177633,"Ocotea obovata"
4177509,"Ocotea olivacea"
4177066,"Ocotea pauciflora"
4182908,"Ocotea scalariformis"
4181677,"Ocotea tessmannii"
4181367,"Ocotea ucayalensis"
6652,"Oleaceae"
3766294,"Olmedia"
7954917,"Olmedia aspera"
3838449,"Ophiocaryon klugii"
3838522,"Ophiocaryon manausense"
5355607,"Ormosia amazonica"
5355515,"Ormosia elata"
5355578,"Ormosia grandiflora"
5355598,"Ormosia macrophylla"
3742996,"Osteophloeum"
7333716,"Osteophloeum platyspermum"
8645517,"Otoba parvifolia"
3695232,"Ouratea amplifolia"
3695044,"Ouratea aromatica"
3696306,"Ouratea iquitosensis"
3696131,"Ouratea pendula"
3695296,"Ouratea weberbaueri"
3695227,"Ouratea williamsii"
3154785,"Oxandra euneura"
3154742,"Oxandra sphaerocarpa"
3154746,"Oxandra xylopioides"
3152235,"Pachira aquatica"
4073578,"Pachira rupicola"
2899157,"Palicourea anianguana"
9270022,"Palicourea arenosa"
2899248,"Palicourea crocea"
10967112,"Palicourea fusiformis"
9172901,"Palicourea grandiceps"
7486068,"Palicourea hebeclada"
8045885,"Palicourea lagesii"
2898948,"Palicourea lasiantha"
10980924,"Palicourea longicuspis"
2899342,"Palicourea luteonivea"
11002438,"Palicourea nautensis"
2898728,"Palicourea punicea"
10938677,"Palicourea vellerea"
2921742,"Palicourea violacea"
7296866,"Parablechnum"
8788742,"Parablechnum cordatum"
7317324,"Parahancornia"
3621140,"Parahancornia peruviana"
3169397,"Parathesis"
3723195,"Parathesis adenanthera"
3722217,"Parathesis palaciosii"
2984937,"Parinari"
2984967,"Parinari klugii"
2984991,"Parinari parilis"
5348878,"Parkia pectinata"
5348857,"Parkia pendula"
4073385,"Patinoa sphaerocarpa"
3784899,"Paullinia cuneata"
3784363,"Paullinia gigantea"
3784326,"Paullinia granatensis"
3787941,"Paullinia pterocarpa"
3786877,"Paullinia xestophylla"
5334728,"Pentagonia macrophylla"
5334741,"Pentagonia microcarpa"
5334764,"Pentagonia villosula"
5334743,"Pentagonia williamsii"
7296152,"Pentaplaris"
4073338,"Pentaplaris huaoranica"
5614967,"Pera benensis"
5614965,"Pera bicolor"
5614954,"Pera decipiens"
3765663,"Perebea humilis"
7262674,"Perebea rubra"
6008745,"Perrottetia"
7761528,"Perrottetia distichophylla"
8031734,"Perrottetia sessiliflora"
4176300,"Persea areolatocostae"
7297303,"Petrea pubescens"
4930249,"Pholidostachys"
2735624,"Pholidostachys synanthera"
3234070,"Phragmotheca"
7736965,"Phragmotheca amazonica"
7546189,"Phragmotheca ecuadorensis"
7642454,"Phragmotheca leucoflora"
3061139,"Phyllanthus"
5381441,"Phyllanthus acuminatus"
5381905,"Phyllanthus anisolobus"
5382615,"Phyllanthus attenuatus"
5382401,"Phyllanthus juglandifolius"
5382197,"Phyllanthus stipulatus"
5382780,"Phyllanthus urinaria"
2736300,"Phytelephas macrocarpa"
3708958,"Picramnia juniniana"
3708918,"Picramnia latifolia"
3708842,"Picramnia magnifolia"
7329631,"Picramnia sellowii"
3190671,"Picrasma"
3190672,"Picrasma excelsa"
4693,"Picrodendraceae"
7304860,"Piper arboreum"
3086330,"Piper reticulatum"
3122102,"Piptocoma"
3122128,"Piptocoma discolor"
2944742,"Platymiscium pinnatum"
7311194,"Pleuranthodendron"
4261405,"Pleuranthodendron lindenii"
5685828,"Pleurothyrium cinereum"
5685759,"Pleurothyrium insigne"
5685691,"Pleurothyrium parviflorum"
7859388,"Pleurothyrium poeppigii"
5685651,"Pleurothyrium tomentellum"
5685645,"Pleurothyrium trianae"
5685640,"Pleurothyrium vasquezii"
5685627,"Pleurothyrium williamsii"
5415643,"Plinia inflata"
5415600,"Plinia pinnata"
9325309,"Plinia yasuniana"
3075158,"Podocalyx"
3075159,"Podocalyx loranthoides"
8830,"Podocarpaceae"
3156211,"Porcelia"
3156212,"Porcelia mediocris"
2893883,"Posoqueria coriacea"
2893927,"Posoqueria longiflora"
7350779,"Pourouma acuminata"
4013508,"Pourouma cecropiifolia"
4013430,"Pourouma cucura"
4013344,"Pourouma floccosa"
7316396,"Pourouma melinonii"
7316440,"Pourouma mollis"
4013604,"Pourouma napoensis"
4013569,"Pourouma petiolulata"
7316411,"Pourouma tomentosa"
2884997,"Pouteria aubrevillei"
2884402,"Pouteria bangii"
2884788,"Pouteria caimito"
2884569,"Pouteria calistophylla"
2884309,"Pouteria campechiana"
2884437,"Pouteria coriacea"
2884147,"Pouteria ephedrantha"
2884362,"Pouteria filipes"
2884159,"Pouteria glauca"
2884503,"Pouteria jariensis"
2884365,"Pouteria juruana"
2884670,"Pouteria laevigata"
2884994,"Pouteria lucumifolia"
2884481,"Pouteria macrophylla"
2884744,"Pouteria multiflora"
2884308,"Pouteria nemorosa"
2884954,"Pouteria nudipetala"
2884862,"Pouteria oblanceolata"
2884723,"Pouteria petiolata"
2884526,"Pouteria pubescens"
2884054,"Pouteria reticulata"
2884900,"Pouteria scabritesta"
2884932,"Pouteria sclerocarpa"
2884128,"Pouteria simulans"
2884812,"Pouteria torta"
2884359,"Pouteria trilocularis"
2884608,"Pouteria venosa"
2883827,"Pradosia"
2883828,"Pradosia grisebachii"
2738943,"Prestoea ensiformis"
2414,"Proteaceae"
3992631,"Protium aidanianum"
3992474,"Protium apiculatum"
7286827,"Protium divaricatum"
3993416,"Protium ecuadorense"
3993289,"Protium gallosum"
3992406,"Protium meridionale"
7286876,"Protium opacum"
7286824,"Protium polybotryum"
3993357,"Protium puncticulatum"
3993264,"Protium robustum"
3993235,"Protium rubrum"
3993127,"Protium spruceanum"
3993075,"Protium subserratum"
7286790,"Protium tenuifolium"
3992925,"Protium trifoliolatum"
7286772,"Protium unifoliolatum"
3992796,"Protium vestitum"
3023123,"Prunus herthae"
3152211,"Pseudobombax"
4073645,"Pseudobombax munguba"
4073614,"Pseudobombax septenatum"
7262528,"Pseudolmedia rigida"
8107622,"Pseudosamanea"
2972923,"Pseudosamanea guachapele"
3071113,"Pseudosenefeldera"
3071114,"Pseudosenefeldera inclinata"
3158193,"Pseudoxandra"
3158209,"Pseudoxandra polyphleba"
2921799,"Psychotria anemothyrsa"
9623404,"Psychotria guianensis"
2921004,"Psychotria herzogii"
2923258,"Psychotria micrantha"
2920086,"Psychotria trivialis"
2922367,"Psychotria williamsii"
5349269,"Pterocarpus amazonum"
5349244,"Pterocarpus santalinoides"
7266077,"Punjuba"
2977828,"Punjuba killipii"
4073535,"Quararibea amazonica"
4073119,"Quararibea guianensis"
4073580,"Quararibea wittii"
3986470,"Quiina amazonica"
3986518,"Quiina blackii"
3986526,"Quiina cruegeriana"
3986524,"Quiina grandifolia"
8288718,"Quiina macrophylla"
3986449,"Quiina obovata"
5339485,"Randia hondensis"
2896794,"Raritebe"
2896795,"Raritebe palicoureoides"
7316931,"Rauvolfia leptophylla"
2909612,"Remijia"
2909665,"Remijia chelomaphylla"
2687720,"Retrophyllum"
2687731,"Retrophyllum rospigliosii"
7273600,"Rhamnidium"
3874704,"Rhamnidium elaeocarpum"
7316660,"Rhigospira"
3615482,"Rhigospira quadrangularis"
4179257,"Rhodostemonodaphne crenaticupula"
4179161,"Rhodostemonodaphne grandis"
4179062,"Rhodostemonodaphne longipetiolata"
4178940,"Rhodostemonodaphne napoensis"
4178881,"Rhodostemonodaphne praeclara"
4178784,"Rhodostemonodaphne sordida"
4178747,"Rhodostemonodaphne synandra"
3079144,"Richeria grandis"
7296599,"Rinoreocarpus"
4076764,"Rinoreocarpus ulei"
8244725,"Rosenbergiodendron"
2904214,"Rosenbergiodendron longiflorum"
7286930,"Roupala"
7831077,"Roupala montana"
3686515,"Rourea adenophora"
7326611,"Rourea cuspidata"
2910497,"Rudgea cornifolia"
3848400,"Rudgea crassipetiolata"
2910526,"Rudgea cryptantha"
2910553,"Rudgea guianensis"
10807045,"Rudgea yasuniana"
7288310,"Ruizterania"
4030492,"Ruizterania cassiquiarensis"
4030702,"Ruizterania urceolata"
2900141,"Sabicea"
2900333,"Sabicea panamensis"
7320134,"Sacoglottis"
3649109,"Sacoglottis amazonica"
7320147,"Sacoglottis guianensis"
5377876,"Sagotia brachysepala"
5579800,"Salacia cordata"
5579512,"Salacia impressifolia"
5580333,"Salacia macrantha"
6387493,"Sanango"
4055793,"Sanango racemosum"
5380010,"Sapium ciliatum"
5379918,"Sapium glandulosum"
5379846,"Sapium laurifolium"
5379839,"Sapium marmieri"
5379890,"Sapium stylare"
2886225,"Sarcaulus oblatus"
2886226,"Sarcaulus wurdackii"
7270665,"Saurauia"
3644527,"Saurauia adenodonta"
7270684,"Saurauia herthae"
7270805,"Saurauia prainiana"
7270984,"Schizocalyx"
7379073,"Schizocalyx peruvianus"
7311257,"Schoenobiblus"
3567577,"Schoenobiblus daphnoides"
7645206,"Schoenobiblus peruviana"
7314478,"Sciodaphyllum"
11407595,"Sciodaphyllum diplodactylum"
2981234,"Senegalia hayesii"
3795941,"Senegalia paniculata"
2980360,"Senegalia polyphylla"
3795803,"Senegalia tubulifera"
2957751,"Senna bacillaris"
2957131,"Senna macrophylla"
2957158,"Senna multijuga"
2957621,"Senna ruiziana"
7296130,"Septotheca"
4073163,"Septotheca tessmannii"
7329562,"Simaba guianensis"
3709147,"Simaba orinocensis"
5335271,"Simira erythroxylon"
5335257,"Simira wurdackii"
3782734,"Siparuna aspera"
7264504,"Siparuna cristata"
3782467,"Siparuna grandiflora"
7264535,"Siparuna guianensis"
3782363,"Siparuna harlingii"
3782954,"Siparuna macrotepala"
3783050,"Siparuna reginae"
3782767,"Siparuna schimpffii"
5651034,"Sloanea brachytepala"
5651010,"Sloanea castanocarpa"
5651320,"Sloanea durissima"
7291085,"Sloanea eichleri"
5651289,"Sloanea erismoides"
5651261,"Sloanea floribunda"
5651239,"Sloanea froesii"
5651212,"Sloanea grandiflora"
5651175,"Sloanea hirsuta"
5651155,"Sloanea kappleriana"
5651146,"Sloanea laevigata"
5651127,"Sloanea laurifolia"
5651126,"Sloanea laxiflora"
8399874,"Sloanea macrophylla"
5651046,"Sloanea meianthera"
9467760,"Sloanea multinervis"
5650996,"Sloanea obtusifolia"
5651195,"Sloanea rufa"
5651163,"Sloanea spathulata"
5651141,"Sloanea terniflora"
5651128,"Sloanea tuerckheimii"
5651125,"Sloanea usurpatrix"
2929169,"Solanum anisophyllum"
2929904,"Solanum appressum"
2930819,"Solanum bellum"
2931820,"Solanum endopogon"
3798638,"Solanum hypermegethes"
2931480,"Solanum nudum"
2930066,"Solanum occultum"
2931919,"Solanum oppositifolium"
2930419,"Solanum oxyphyllum"
2932018,"Solanum riparium"
2931617,"Solanum robustifrons"
2929481,"Solanum rugosum"
2932884,"Solanum schlechtendalianum"
2930479,"Solanum sessile"
9478958,"Solanum splendens"
2931039,"Solanum sycophanta"
3762938,"Sorocea guilleminiana"
7262377,"Sorocea pubivena"
3762633,"Sorocea sarcocarpa"
2650270,"Sphaeropteris"
5529551,"Sphaeropteris quindiuensis"
2893759,"Sphinctanthus"
2893764,"Sphinctanthus maculatus"
3190593,"Spondias mombin"
3190598,"Spondias purpurea"
7309869,"Stephanopodium"
4195804,"Stephanopodium angulatum"
4196121,"Stephanopodium peruvianum"
7368715,"Sterculia guapayensis"
8292123,"Sterculia peruviana"
6029413,"Sterculia pruriens"
7371341,"Sterculia rugosa"
5547455,"Sterculia speciosa"
7700900,"Sterculia tessmannii"
7273564,"Sterigmapetalum"
3874166,"Sterigmapetalum obovatum"
5645381,"Strychnos darienensis"
7671232,"Strychnos erichsonii"
5645742,"Strychnos jobertiana"
7289427,"Strychnos panamensis"
5645642,"Strychnos ramentifera"
3722177,"Stylogyne bracteolata"
3721676,"Stylogyne serpentina"
8370894,"Styrax macrophyllus"
5541365,"Styrax pavonii"
5352001,"Swartzia amplifolia"
5351848,"Swartzia benthamiana"
5352098,"Swartzia bombycina"
5351901,"Swartzia calva"
5352042,"Swartzia cardiosperma"
5351907,"Swartzia leptopetala"
5351898,"Swartzia macrosema"
5352005,"Swartzia myrtifolia"
5351880,"Swartzia polyphylla"
5352126,"Swartzia racemosa"
5351935,"Swartzia reticulata"
5352047,"Swartzia simplex"
3190483,"Swietenia"
3190484,"Swietenia macrophylla"
2737041,"Syagrus"
5293840,"Syagrus sancona"
5293874,"Syagrus smithii"
7291272,"Symmeria"
7291273,"Symmeria paniculata"
6708,"Symplocaceae"
3032996,"Symplocos"
3643345,"Symplocos arechea"
3169631,"Tabernaemontana amygdalifolia"
3617922,"Tabernaemontana cymosa"
3616223,"Tabernaemontana macrocalyx"
3616123,"Tabernaemontana markgrafiana"
3616083,"Tabernaemontana maxima"
3615806,"Tabernaemontana muricata"
3621931,"Tabernaemontana siphilitica"
3621389,"Tabernaemontana undulata"
3969491,"Tachigali chrysophylla"
3932295,"Tachigali macbridei"
3932247,"Tachigali paraensis"
3932197,"Tachigali setifera"
3788402,"Talisia croatii"
7506722,"Talisia megaphylla"
3788125,"Talisia microphylla"
3787985,"Talisia princeps"
3659992,"Tapirira obtusa"
3659893,"Tapirira retusa"
7309881,"Tapura amazonica"
4195662,"Tapura coriacea"
4196016,"Tapura guianensis"
4195869,"Tapura magnifolia"
9578164,"Terminalia congesta"
8141997,"Terminalia dichotoma"
9246280,"Terminalia duckei"
3698961,"Terminalia guyanensis"
9578576,"Terminalia macrophylla"
3189396,"Terminalia oblonga"
9428917,"Terminalia parvifolia"
9277842,"Terminalia pulcherrima"
9312547,"Terminalia suaveolens"
9307101,"Terminalia tetraphylla"
9595924,"Terminalia viridiflora"
3114904,"Tessaria"
3114910,"Tessaria integrifolia"
3156234,"Tetrameranthus"
8223337,"Tetrameranthus globulifer"
3062931,"Tetrorchidium andinum"
3062925,"Tetrorchidium rubrivenium"
3189597,"Theaceae"
3152209,"Theobroma bicolor"
3152205,"Theobroma cacao"
3669722,"Theobroma glaucum"
3152208,"Theobroma grandiflorum"
2428,"Thymelaeaceae"
7321509,"Thyrsodium"
3659586,"Thyrsodium spruceanum"
7480378,"Ticorea"
3835773,"Ticorea diandra"
7264936,"Toulicia"
3786285,"Toulicia reticulata"
3711775,"Tovomita calophyllophylla"
8875594,"Tovomita hopkinsii"
3710848,"Tovomita umbellata"
7269262,"Toxosiphon"
3835094,"Toxosiphon carinatus"
3835052,"Toxosiphon trifoliatus"
7286746,"Trattinnickia burserifolia"
3992504,"Trattinnickia glaziovii"
8034797,"Trattinnickia lawrancei"
3994303,"Trattinnickia peruviana"
2984500,"Trema"
2984501,"Trema micranthum"
3851379,"Trichilia cipo"
7271353,"Trichilia elegans"
3850854,"Trichilia euneura"
3852323,"Trichilia pachypoda"
3852028,"Trichilia pittieri"
3852019,"Trichilia pleeana"
3851449,"Trichilia rubra"
3850858,"Trichilia stipitata"
9181920,"Trigynaea duckei"
3154839,"Trigynaea lagaropoda"
4038608,"Triplaris americana"
4038399,"Triplaris cumingiana"
4037419,"Triplaris weigeltiana"
10808815,"Trophis"
2984648,"Trophis racemosa"
3157793,"Unonopsis magnifolia"
3157804,"Unonopsis peruviana"
3157817,"Unonopsis spectabilis"
3157780,"Unonopsis stipitata"
2984329,"Urera"
7411905,"Urera baccifera"
2984335,"Urera caracasana"
4098366,"Urera simplex"
7320149,"Vantanea parviflora"
2965112,"Vatairea"
2965130,"Vatairea erythrocarpa"
2965116,"Vatairea fusca"
2965124,"Vatairea guianensis"
3110435,"Vernonanthura"
3124739,"Vernonanthura patens"
4924416,"Viburnaceae"
2888580,"Viburnum"
3857277,"Viburnum toronis"
3152847,"Virola calophylla"
3743497,"Virola decorticans"
3743485,"Virola divergens"
3743067,"Virola mollissima"
3743027,"Virola multinervia"
3744248,"Virola parvifolia"
7333773,"Virola peruviana"
3152846,"Virola sebifera"
3189576,"Vismia cayennensis"
7679156,"Vismia ferruginea"
3714157,"Vismia gracilis"
3713883,"Vismia lauriformis"
3713726,"Vismia obtusa"
3713643,"Vismia pozuzoensis"
3713560,"Vismia sandwithii"
3713497,"Vismia sprucei"
7309596,"Vitex cymosa"
7309552,"Vitex gigantea"
7309336,"Vitex orinocensis"
3903497,"Vitex pseudolea"
4030704,"Vochysia biloba"
7378543,"Vochysia ferruginea"
4030425,"Vochysia grandis"
4030836,"Vochysia guianensis"
4030518,"Vochysia leguiana"
4030465,"Vochysia lomatophylla"
4030766,"Vochysia punctata"
4030427,"Vochysia venulosa"
7288386,"Vochysia vismiifolia"
7264833,"Vouarana"
3785412,"Vouarana anomala"
5340116,"Warszewiczia coccinea"
5340126,"Warszewiczia schwackei"
3157126,"Xylopia aromatica"
3157206,"Xylopia calophylla"
3157060,"Xylopia excellens"
3157016,"Xylopia ligustrifolia"
3157190,"Xylopia multiflora"
3157030,"Xylopia neglecta"
7845581,"Xylopia nitida"
2874117,"Xylosma"
7835337,"Xylosma benthamii"
3878857,"Xylosma tessmannii"
8255303,"Yasunia"
8075855,"Yasunia sessiliflora"
3833649,"Zanthoxylum acuminatum"
3190118,"Zanthoxylum caribaeum"
3832117,"Zanthoxylum compactum"
3831433,"Zanthoxylum ekmanii"
3831132,"Zanthoxylum formiciferum"
3190119,"Zanthoxylum martinicense"
3834649,"Zanthoxylum riedelianum"
3834097,"Zanthoxylum sprucei"
7265394,"Zinowiewia"
3790925,"Zinowiewia australis"
5347431,"Zygia cataractae"
5347370,"Zygia coccinea"
5580495,"Zygia dinizii"
5347357,"Zygia inaequalis"
5347445,"Zygia juruana"
5580489,"Zygia lathetica"
5347411,"Zygia latifolia"
5347452,"Zygia longifolia"
